id,code,name,continent,wikipedia_link
302672,AD,Andorra,EU,https://en.wikipedia.org/wiki/Andorra
302618,AE,United Arab Emirates,AS,https://en.wikipedia.org/wiki/United_Arab_Emirates
302619,AF,Afghanistan,AS,https://en.wikipedia.org/wiki/Afghanistan
302722,AG,Antigua and Barbuda,NA,https://en.wikipedia.org/wiki/Antigua_and_Barbuda
302723,AI,Anguilla,NA,https://en.wikipedia.org/wiki/Anguilla
302673,AL,Albania,EU,https://en.wikipedia.org/wiki/Albania
302620,AM,Armenia,AS,https://en.wikipedia.org/wiki/Armenia
302556,AO,Angola,AF,https://en.wikipedia.org/wiki/Angola
302615,AQ,Antarctica,AN,https://en.wikipedia.org/wiki/Antarctica
302789,AR,Argentina,SA,https://en.wikipedia.org/wiki/Argentina
302763,AS,American Samoa,OC,https://en.wikipedia.org/wiki/American_Samoa
302674,AT,Austria,EU,https://en.wikipedia.org/wiki/Austria
302764,AU,Australia,OC,https://en.wikipedia.org/wiki/Australia
302725,AW,Aruba,NA,https://en.wikipedia.org/wiki/Aruba
302621,AZ,Azerbaijan,AS,https://en.wikipedia.org/wiki/Azerbaijan
302675,BA,Bosnia and Herzegovina,EU,https://en.wikipedia.org/wiki/Bosnia_and_Herzegovina
302726,BB,Barbados,NA,https://en.wikipedia.org/wiki/Barbados
302622,BD,Bangladesh,AS,https://en.wikipedia.org/wiki/Bangladesh
302676,BE,Belgium,EU,https://en.wikipedia.org/wiki/Belgium
302557,BF,Burkina Faso,AF,https://en.wikipedia.org/wiki/Burkina_Faso
302677,BG,Bulgaria,EU,https://en.wikipedia.org/wiki/Bulgaria
302623,BH,Bahrain,AS,https://en.wikipedia.org/wiki/Bahrain
302558,BI,Burundi,AF,https://en.wikipedia.org/wiki/Burundi
302559,BJ,Benin,AF,https://en.wikipedia.org/wiki/Benin
302760,BL,Saint Barthélemy,NA,https://en.wikipedia.org/wiki/Saint_Barthélemy
302727,BM,Bermuda,NA,https://en.wikipedia.org/wiki/Bermuda
302624,BN,Brunei,AS,https://en.wikipedia.org/wiki/Brunei
302790,BO,Bolivia,SA,https://en.wikipedia.org/wiki/Bolivia
302724,BQ,Caribbean Netherlands,NA,https://en.wikipedia.org/wiki/Caribbean_Netherlands
302791,BR,Brazil,SA,https://en.wikipedia.org/wiki/Brazil
302728,BS,Bahamas,NA,https://en.wikipedia.org/wiki/Bahamas
302625,BT,Bhutan,AS,https://en.wikipedia.org/wiki/Bhutan
302560,BW,Botswana,AF,https://en.wikipedia.org/wiki/Botswana
302678,BY,Belarus,EU,https://en.wikipedia.org/wiki/Belarus
302729,BZ,Belize,NA,https://en.wikipedia.org/wiki/Belize
302730,CA,Canada,NA,https://en.wikipedia.org/wiki/Canada
302626,CC,Cocos (Keeling) Islands,AS,https://en.wikipedia.org/wiki/Cocos_(Keeling)_Islands
302561,CD,Democratic Republic of the Congo,AF,https://en.wikipedia.org/wiki/Democratic_Republic_of_the_Congo
302562,CF,Central African Republic,AF,https://en.wikipedia.org/wiki/Central_African_Republic
302563,CG,Republic of the Congo,AF,https://en.wikipedia.org/wiki/Republic_of_the_Congo
302679,CH,Switzerland,EU,https://en.wikipedia.org/wiki/Switzerland
302564,CI,Côte d'Ivoire,AF,https://en.wikipedia.org/wiki/Côte_d'Ivoire
302765,CK,Cook Islands,OC,https://en.wikipedia.org/wiki/Cook_Islands
302792,CL,Chile,SA,https://en.wikipedia.org/wiki/Chile
302565,CM,Cameroon,AF,https://en.wikipedia.org/wiki/Cameroon
302627,CN,China,AS,https://en.wikipedia.org/wiki/China
302793,CO,Colombia,SA,https://en.wikipedia.org/wiki/Colombia
302731,CR,Costa Rica,NA,https://en.wikipedia.org/wiki/Costa_Rica
302732,CU,Cuba,NA,https://en.wikipedia.org/wiki/Cuba
302566,CV,Cape Verde,AF,https://en.wikipedia.org/wiki/Cape_Verde
302762,CW,Curaçao,NA,https://en.wikipedia.org/wiki/Cura%C3%A7ao
302628,CX,Christmas Island,AS,https://en.wikipedia.org/wiki/Christmas_Island
302629,CY,Cyprus,AS,https://en.wikipedia.org/wiki/Cyprus
302680,CZ,Czech Republic,EU,https://en.wikipedia.org/wiki/Czech_Republic
302681,DE,Germany,EU,https://en.wikipedia.org/wiki/Germany
302567,DJ,Djibouti,AF,https://en.wikipedia.org/wiki/Djibouti
302682,DK,Denmark,EU,https://en.wikipedia.org/wiki/Denmark
302733,DM,Dominica,NA,https://en.wikipedia.org/wiki/Dominica
302734,DO,Dominican Republic,NA,https://en.wikipedia.org/wiki/Dominican_Republic
302568,DZ,Algeria,AF,https://en.wikipedia.org/wiki/Algeria
302794,EC,Ecuador,SA,https://en.wikipedia.org/wiki/Ecuador
302683,EE,Estonia,EU,https://en.wikipedia.org/wiki/Estonia
302569,EG,Egypt,AF,https://en.wikipedia.org/wiki/Egypt
302570,EH,Western Sahara (disputed territory),AF,https://en.wikipedia.org/wiki/Western_Sahara
302571,ER,Eritrea,AF,https://en.wikipedia.org/wiki/Eritrea
302684,ES,Spain,EU,https://en.wikipedia.org/wiki/Spain
302572,ET,Ethiopia,AF,https://en.wikipedia.org/wiki/Ethiopia
302685,FI,Finland,EU,https://en.wikipedia.org/wiki/Finland
302766,FJ,Fiji,OC,https://en.wikipedia.org/wiki/Fiji
302795,FK,Falkland Islands,SA,https://en.wikipedia.org/wiki/Falkland_Islands
302767,FM,Micronesia,OC,https://en.wikipedia.org/wiki/Federated_States_of_Micronesia
302686,FO,Faroe Islands,EU,https://en.wikipedia.org/wiki/Faroe_Islands
302687,FR,France,EU,https://en.wikipedia.org/wiki/France
302573,GA,Gabon,AF,https://en.wikipedia.org/wiki/Gabon
302688,GB,United Kingdom,EU,https://en.wikipedia.org/wiki/United_Kingdom
302735,GD,Grenada,NA,https://en.wikipedia.org/wiki/Grenada
302630,GE,Georgia,AS,https://en.wikipedia.org/wiki/Georgia_(country)
302796,GF,French Guiana,SA,https://en.wikipedia.org/wiki/French_Guiana
302689,GG,Guernsey,EU,https://en.wikipedia.org/wiki/Guernsey
302574,GH,Ghana,AF,https://en.wikipedia.org/wiki/Ghana
302690,GI,Gibraltar,EU,https://en.wikipedia.org/wiki/Gibraltar
302736,GL,Greenland,NA,https://en.wikipedia.org/wiki/Greenland
302575,GM,Gambia,AF,https://en.wikipedia.org/wiki/Gambia
302576,GN,Guinea,AF,https://en.wikipedia.org/wiki/Guinea
302737,GP,Guadeloupe,NA,https://en.wikipedia.org/wiki/Guadeloupe
302577,GQ,Equatorial Guinea,AF,https://en.wikipedia.org/wiki/Equatorial_Guinea
302691,GR,Greece,EU,https://en.wikipedia.org/wiki/Greece
302616,GS,South Georgia and the South Sandwich Islands,AN,https://en.wikipedia.org/wiki/South_Georgia_and_the_South_Sandwich_Islands
302738,GT,Guatemala,NA,https://en.wikipedia.org/wiki/Guatemala
302768,GU,Guam,OC,https://en.wikipedia.org/wiki/Guam
302578,GW,Guinea-Bissau,AF,https://en.wikipedia.org/wiki/Guinea-Bissau
302797,GY,Guyana,SA,https://en.wikipedia.org/wiki/Guyana
302631,HK,Hong Kong,AS,https://en.wikipedia.org/wiki/Hong_Kong
350209,HM,Heard and McDonald Islands,OC,https://en.wikipedia.org/wiki/Heard_Island_and_McDonald_Islands
302739,HN,Honduras,NA,https://en.wikipedia.org/wiki/Honduras
302692,HR,Croatia,EU,https://en.wikipedia.org/wiki/Croatia
302740,HT,Haiti,NA,https://en.wikipedia.org/wiki/Haiti
302693,HU,Hungary,EU,https://en.wikipedia.org/wiki/Hungary
302632,ID,Indonesia,AS,https://en.wikipedia.org/wiki/Indonesia
302694,IE,Ireland,EU,https://en.wikipedia.org/wiki/Ireland
302633,IL,Israel,AS,https://en.wikipedia.org/wiki/Israel
302695,IM,Isle of Man,EU,https://en.wikipedia.org/wiki/Isle_of_Man
302634,IN,India,AS,https://en.wikipedia.org/wiki/India
302635,IO,British Indian Ocean Territory,AS,https://en.wikipedia.org/wiki/British_Indian_Ocean_Territory
302636,IQ,Iraq,AS,https://en.wikipedia.org/wiki/Iraq
302637,IR,Iran,AS,https://en.wikipedia.org/wiki/Iran
302696,IS,Iceland,EU,https://en.wikipedia.org/wiki/Iceland
302697,IT,Italy,EU,https://en.wikipedia.org/wiki/Italy
302698,JE,Jersey,EU,https://en.wikipedia.org/wiki/Jersey
302741,JM,Jamaica,NA,https://en.wikipedia.org/wiki/Jamaica
302638,JO,Jordan,AS,https://en.wikipedia.org/wiki/Jordan
302639,JP,Japan,AS,https://en.wikipedia.org/wiki/Japan
302579,KE,Kenya,AF,https://en.wikipedia.org/wiki/Kenya
302640,KG,Kyrgyzstan,AS,https://en.wikipedia.org/wiki/Kyrgyzstan
302641,KH,Cambodia,AS,https://en.wikipedia.org/wiki/Cambodia
302769,KI,Kiribati,OC,https://en.wikipedia.org/wiki/Kiribati
302580,KM,Comoros,AF,https://en.wikipedia.org/wiki/Comoros
302742,KN,Saint Kitts and Nevis,NA,https://en.wikipedia.org/wiki/Saint_Kitts_and_Nevis
302642,KP,North Korea,AS,https://en.wikipedia.org/wiki/North_Korea
302643,KR,South Korea,AS,https://en.wikipedia.org/wiki/South_Korea
302644,KW,Kuwait,AS,https://en.wikipedia.org/wiki/Kuwait
302743,KY,Cayman Islands,NA,https://en.wikipedia.org/wiki/Cayman_Islands
302645,KZ,Kazakhstan,AS,https://en.wikipedia.org/wiki/Kazakhstan
302646,LA,Laos,AS,https://en.wikipedia.org/wiki/Laos
302647,LB,Lebanon,AS,https://en.wikipedia.org/wiki/Lebanon
302744,LC,Saint Lucia,NA,https://en.wikipedia.org/wiki/Saint_Lucia
302699,LI,Liechtenstein,EU,https://en.wikipedia.org/wiki/Liechtenstein
302648,LK,Sri Lanka,AS,https://en.wikipedia.org/wiki/Sri_Lanka
302581,LR,Liberia,AF,https://en.wikipedia.org/wiki/Liberia
302582,LS,Lesotho,AF,https://en.wikipedia.org/wiki/Lesotho
302700,LT,Lithuania,EU,https://en.wikipedia.org/wiki/Lithuania
302701,LU,Luxembourg,EU,https://en.wikipedia.org/wiki/Luxembourg
302702,LV,Latvia,EU,https://en.wikipedia.org/wiki/Latvia
302583,LY,Libya,AF,https://en.wikipedia.org/wiki/Libya
302584,MA,Morocco,AF,https://en.wikipedia.org/wiki/Morocco
302703,MC,Monaco,EU,https://en.wikipedia.org/wiki/Monaco
302704,MD,Moldova,EU,https://en.wikipedia.org/wiki/Moldova
302705,ME,Montenegro,EU,https://en.wikipedia.org/wiki/Montenegro
302759,MF,Saint Martin,NA,https://en.wikipedia.org/wiki/Saint_Martin_(France)
302585,MG,Madagascar,AF,https://en.wikipedia.org/wiki/Madagascar
302770,MH,Marshall Islands,OC,https://en.wikipedia.org/wiki/Marshall_Islands
302706,MK,North Macedonia,EU,https://en.wikipedia.org/wiki/Macedonia
302586,ML,Mali,AF,https://en.wikipedia.org/wiki/Mali
302649,MM,Myanmar,AS,https://en.wikipedia.org/wiki/Burma
302650,MN,Mongolia,AS,https://en.wikipedia.org/wiki/Mongolia
302651,MO,Macau,AS,https://en.wikipedia.org/wiki/Macau
302771,MP,Northern Mariana Islands,OC,https://en.wikipedia.org/wiki/Northern_Mariana_Islands
302745,MQ,Martinique,NA,https://en.wikipedia.org/wiki/Martinique
302587,MR,Mauritania,AF,https://en.wikipedia.org/wiki/Mauritania
302746,MS,Montserrat,NA,https://en.wikipedia.org/wiki/Montserrat
302707,MT,Malta,EU,https://en.wikipedia.org/wiki/Malta
302588,MU,Mauritius,AF,https://en.wikipedia.org/wiki/Mauritius
302652,MV,Maldives,AS,https://en.wikipedia.org/wiki/Maldives
302589,MW,Malawi,AF,https://en.wikipedia.org/wiki/Malawi
302747,MX,Mexico,NA,https://en.wikipedia.org/wiki/Mexico
302653,MY,Malaysia,AS,https://en.wikipedia.org/wiki/Malaysia
302590,MZ,Mozambique,AF,https://en.wikipedia.org/wiki/Mozambique
302591,NA,Namibia,AF,https://en.wikipedia.org/wiki/Namibia
302772,NC,New Caledonia,OC,https://en.wikipedia.org/wiki/New_Caledonia
302592,NE,Niger,AF,https://en.wikipedia.org/wiki/Niger
302773,NF,Norfolk Island,OC,https://en.wikipedia.org/wiki/Norfolk_Island
302593,NG,Nigeria,AF,https://en.wikipedia.org/wiki/Nigeria
302748,NI,Nicaragua,NA,https://en.wikipedia.org/wiki/Nicaragua
302708,NL,Netherlands,EU,https://en.wikipedia.org/wiki/Netherlands
302709,NO,Norway,EU,https://en.wikipedia.org/wiki/Norway
302654,NP,Nepal,AS,https://en.wikipedia.org/wiki/Nepal
302774,NR,Nauru,OC,https://en.wikipedia.org/wiki/Nauru
302775,NU,Niue,OC,https://en.wikipedia.org/wiki/Niue
302776,NZ,New Zealand,OC,https://en.wikipedia.org/wiki/New_Zealand
302655,OM,Oman,AS,https://en.wikipedia.org/wiki/Oman
302749,PA,Panama,NA,https://en.wikipedia.org/wiki/Panama
302798,PE,Peru,SA,https://en.wikipedia.org/wiki/Perú
302777,PF,French Polynesia,OC,https://en.wikipedia.org/wiki/French_Polynesia
302778,PG,Papua New Guinea,OC,https://en.wikipedia.org/wiki/Papua_New_Guinea
302656,PH,Philippines,AS,https://en.wikipedia.org/wiki/Philippines
302657,PK,Pakistan,AS,https://en.wikipedia.org/wiki/Pakistan
302710,PL,Poland,EU,https://en.wikipedia.org/wiki/Poland
302750,PM,Saint Pierre and Miquelon,NA,https://en.wikipedia.org/wiki/Saint_Pierre_and_Miquelon
302779,PN,Pitcairn,OC,https://en.wikipedia.org/wiki/Pitcairn
302751,PR,Puerto Rico,NA,https://en.wikipedia.org/wiki/Puerto_Rico
302658,PS,Palestinian Territory,AS,https://en.wikipedia.org/wiki/Palestinian_Territory
302711,PT,Portugal,EU,https://en.wikipedia.org/wiki/Portugal
302780,PW,Palau,OC,https://en.wikipedia.org/wiki/Palau
302799,PY,Paraguay,SA,https://en.wikipedia.org/wiki/Paraguay
302659,QA,Qatar,AS,https://en.wikipedia.org/wiki/Qatar
302594,RE,Réunion,AF,https://en.wikipedia.org/wiki/Réunion
302712,RO,Romania,EU,https://en.wikipedia.org/wiki/Romania
302713,RS,Serbia,EU,https://en.wikipedia.org/wiki/Serbia
302714,RU,Russia,EU,https://en.wikipedia.org/wiki/Russia
302595,RW,Rwanda,AF,https://en.wikipedia.org/wiki/Rwanda
302660,SA,Saudi Arabia,AS,https://en.wikipedia.org/wiki/Saudi_Arabia
302781,SB,Solomon Islands,OC,https://en.wikipedia.org/wiki/Solomon_Islands
302596,SC,Seychelles,AF,https://en.wikipedia.org/wiki/Seychelles
302597,SD,Sudan,AF,https://en.wikipedia.org/wiki/Sudan
302715,SE,Sweden,EU,https://en.wikipedia.org/wiki/Sweden
302661,SG,Singapore,AS,https://en.wikipedia.org/wiki/Singapore
302598,SH,"Saint Helena, Ascension and Tristan da Cunha",AF,"https://en.wikipedia.org/wiki/Saint_Helena,_Ascension_and_Tristan_da_Cunha"
302716,SI,Slovenia,EU,https://en.wikipedia.org/wiki/Slovenia
302717,SK,Slovakia,EU,https://en.wikipedia.org/wiki/Slovakia
302599,SL,Sierra Leone,AF,https://en.wikipedia.org/wiki/Sierra_Leone
302718,SM,San Marino,EU,https://en.wikipedia.org/wiki/San_Marino
302600,SN,Senegal,AF,https://en.wikipedia.org/wiki/Senegal
302601,SO,Somalia,AF,https://en.wikipedia.org/wiki/Somalia
302800,SR,Suriname,SA,https://en.wikipedia.org/wiki/Suriname
302614,SS,South Sudan,AF,https://en.wikipedia.org/wiki/South_Sudan
302602,ST,São Tomé and Principe,AF,https://en.wikipedia.org/wiki/São_Tomé_and_Principe
302752,SV,El Salvador,NA,https://en.wikipedia.org/wiki/El_Salvador
302761,SX,Sint Maarten,NA,https://en.wikipedia.org/wiki/Sint_Maarten
302662,SY,Syria,AS,https://en.wikipedia.org/wiki/Syria
302603,SZ,Eswatini,AF,https://en.wikipedia.org/wiki/Eswatini
302753,TC,Turks and Caicos Islands,NA,https://en.wikipedia.org/wiki/Turks_and_Caicos_Islands
302604,TD,Chad,AF,https://en.wikipedia.org/wiki/Chad
302617,TF,French Southern and Antarctic Lands,AF,https://en.wikipedia.org/wiki/French_Southern_and_Antarctic_Lands
302605,TG,Togo,AF,https://en.wikipedia.org/wiki/Togo
302663,TH,Thailand,AS,https://en.wikipedia.org/wiki/Thailand
302664,TJ,Tajikistan,AS,https://en.wikipedia.org/wiki/Tajikistan
302782,TK,Tokelau,OC,https://en.wikipedia.org/wiki/Tokelau
302665,TL,Timor-Leste,AS,https://en.wikipedia.org/wiki/Timor-Leste
302666,TM,Turkmenistan,AS,https://en.wikipedia.org/wiki/Turkmenistan
302606,TN,Tunisia,AF,https://en.wikipedia.org/wiki/Tunisia
302783,TO,Tonga,OC,https://en.wikipedia.org/wiki/Tonga
302667,TR,Turkey,AS,https://en.wikipedia.org/wiki/Turkey
302754,TT,Trinidad and Tobago,NA,https://en.wikipedia.org/wiki/Trinidad_and_Tobago
302784,TV,Tuvalu,OC,https://en.wikipedia.org/wiki/Tuvalu
302668,TW,Taiwan,AS,https://en.wikipedia.org/wiki/Taiwan
302607,TZ,Tanzania,AF,https://en.wikipedia.org/wiki/Tanzania
302719,UA,Ukraine,EU,https://en.wikipedia.org/wiki/Ukraine
302608,UG,Uganda,AF,https://en.wikipedia.org/wiki/Uganda
302785,UM,United States Minor Outlying Islands,OC,https://en.wikipedia.org/wiki/United_States_Minor_Outlying_Islands
302755,US,United States,NA,https://en.wikipedia.org/wiki/United_States
302801,UY,Uruguay,SA,https://en.wikipedia.org/wiki/Uruguay
302669,UZ,Uzbekistan,AS,https://en.wikipedia.org/wiki/Uzbekistan
302721,VA,Vatican City,EU,https://en.wikipedia.org/wiki/Vatican_City
302756,VC,Saint Vincent and the Grenadines,NA,https://en.wikipedia.org/wiki/Saint_Vincent_and_the_Grenadines
302802,VE,Venezuela,SA,https://en.wikipedia.org/wiki/Venezuela
302757,VG,British Virgin Islands,NA,https://en.wikipedia.org/wiki/British_Virgin_Islands
302758,VI,U.S. Virgin Islands,NA,https://en.wikipedia.org/wiki/U.S._Virgin_Islands
302670,VN,Vietnam,AS,https://en.wikipedia.org/wiki/Vietnam
302786,VU,Vanuatu,OC,https://en.wikipedia.org/wiki/Vanuatu
302787,WF,Wallis and Futuna,OC,https://en.wikipedia.org/wiki/Wallis_and_Futuna
302788,WS,Samoa,OC,https://en.wikipedia.org/wiki/Samoa
302720,XK,Kosovo,EU,https://en.wikipedia.org/wiki/Kosovo
593722,XP,Paracel Islands (disputed),AS,https://en.wikipedia.org/wiki/Paracel_Islands
302671,YE,Yemen,AS,https://en.wikipedia.org/wiki/Yemen
302609,YT,Mayotte,AF,https://en.wikipedia.org/wiki/Mayotte
302610,ZA,South Africa,AF,https://en.wikipedia.org/wiki/South_Africa
302611,ZM,Zambia,AF,https://en.wikipedia.org/wiki/Zambia
302612,ZW,Zimbabwe,AF,https://en.wikipedia.org/wiki/Zimbabwe
302613,ZZ,Unknown or unassigned country,AF,https://en.wikipedia.org/wiki/Unknown_or_unassigned_country
